<?xml version="1.0" encoding="utf-8"?>
<Report DataSourceName="sqlDataSource1" Width="8.1in" DocumentName="ProductCatalogue" Name="ProductCatalog" xmlns="http://schemas.telerik.com/reporting/2023/3.0">
  <DataSources>
    <SqlDataSource QueryDesignerState="null" ParameterValues="{&quot;@CategoryID&quot;:&quot;300&quot;}" ConnectionString="AMSConnection" SelectCommand="SELECT     &#xD;&#xA;P.ProductName AS ProductSubCategory, &#xD;&#xA;p.VirtualBarcode AS ProductModel, &#xD;&#xA;C.CategoryName AS ProductCategory, &#xD;&#xA;p.ProductName as Description, &#xD;&#xA;p.CatalogueImage as LargePhoto, &#xD;&#xA;P.ProductName AS ProductName, &#xD;&#xA;P.ProductCode as  ProductNumber, &#xD;&#xA;P.Specification, &#xD;&#xA;C.CategoryID&#xD;&#xA;FROM         ProductTable AS P INNER JOIN&#xD;&#xA;                    CategoryTable c on p.CategoryID=c.CategoryID&#xD;&#xA;WHERE     p.CatalogueImage is not null&#xD;&#xA;            AND p.CategoryID = @CategoryID" Name="sqlDataSource1">
      <Parameters>
        <SqlDataSourceParameter DbType="Int32" Name="@CategoryID">
          <Value>
            <String>= Parameters.CategoryID.Value</String>
          </Value>
        </SqlDataSourceParameter>
      </Parameters>
    </SqlDataSource>
    <SqlDataSource QueryDesignerState="null" ParameterValues="null" ConnectionString="ADEKFASoftAMS" SelectCommand="SELECT RTRIM(CategoryID) AS CategoryID, CategoryName FROM CategoryTable WHERE StatusID=1" Name="sqlDataSource2" />
  </DataSources>
  <Items>
    <DetailSection Height="0.13in" Name="detailSection1">
      <Style Visible="False">
        <Font Size="8pt" />
        <BorderColor Default="137, 145, 164" />
        <BorderWidth Left="3pt" />
      </Style>
    </DetailSection>
    <TocSection Title="Table of Contents" PageBreak="After" KeepTogether="False" Height="1.5in" Name="tocSection1">
      <TitleStyle>
        <Font Name="Segoe UI Light" Size="25pt" Bold="True" />
        <BorderStyle Bottom="Solid" />
        <BorderWidth Bottom="2pt" />
        <Padding Bottom="10pt" />
      </TitleStyle>
      <Levels>
        <TocLevel Name="Level1" LeaderSymbol="">
          <Style>
            <Font Name="Segoe UI Light" Size="16pt" Bold="True" />
            <Padding Left="2pt" Right="2pt" Top="5pt" Bottom="5pt" />
          </Style>
        </TocLevel>
        <TocLevel Name="Level2">
          <Style>
            <Font Name="Segoe UI Light" Size="13pt" />
            <Padding Left="32pt" Right="2pt" Top="1pt" Bottom="1pt" />
          </Style>
        </TocLevel>
      </Levels>
    </TocSection>
    <PageHeaderSection Height="0.2in" Name="pageHeaderSection1">
      <Items>
        <TextBox Width="3.9in" Height="0.2in" Left="4.2in" Top="0in" Value="= PageExec('group1', Fields.ProductCategory) + ', page ' + PageNumber('group1', Fields.ProductCategory) + ' of ' + PageCount('group1', Fields.ProductCategory)" Name="textBox2">
          <Style TextAlign="Right">
            <Font Name="Segoe UI Light" />
          </Style>
        </TextBox>
      </Items>
    </PageHeaderSection>
  </Items>
  <PageSettings PaperKind="Letter" Landscape="False">
    <Margins>
      <MarginsU Left="0.2in" Right="0.2in" Top="0.3in" Bottom="0.4in" />
    </Margins>
    <Watermarks>
      <TextWatermark Text="=PageExec(&quot;textBoxProductCategoryLabel&quot;, First(Fields.ProductCategory))" Color="137, 145, 164" Orientation="Vertical" Position="Front" Opacity="0.06">
        <Font Name="Tahoma" Size="100pt" />
      </TextWatermark>
    </Watermarks>
  </PageSettings>
  <StyleSheet>
    <StyleRule>
      <Style>
        <Padding Left="2pt" Right="2pt" />
      </Style>
      <Selectors>
        <TypeSelector Type="TextItemBase" />
        <TypeSelector Type="HtmlTextBox" />
      </Selectors>
    </StyleRule>
    <StyleRule>
      <Style>
        <Font Name="Segoe UI Light" Size="25pt" Bold="True" />
        <Padding Left="0in" />
      </Style>
      <Selectors>
        <StyleSelector Type="ReportItemBase" StyleName="Header" />
      </Selectors>
    </StyleRule>
    <StyleRule>
      <Style>
        <Font Name="Segoe UI Light" Size="16pt" />
        <BorderStyle Bottom="Solid" />
        <BorderColor Default="25, 7, 5" />
        <BorderWidth Default="0.5pt" Bottom="1pt" />
        <Padding Left="0in" />
      </Style>
      <Selectors>
        <StyleSelector Type="ReportItemBase" StyleName="Category" />
      </Selectors>
    </StyleRule>
    <StyleRule>
      <Style>
        <Font Name="Segoe UI Light" Size="13pt" />
        <BorderStyle Bottom="Solid" />
        <BorderWidth Default="0.5pt" Bottom="0.5pt" />
        <Padding Left="0in" />
      </Style>
      <Selectors>
        <StyleSelector Type="ReportItemBase" StyleName="SubCategory" />
      </Selectors>
    </StyleRule>
    <StyleRule>
      <Style VerticalAlign="Bottom">
        <Font Name="Segoe UI" Size="10pt" />
        <BorderStyle Bottom="Solid" Right="Solid" />
        <BorderColor Default="230, 230, 230" />
        <Padding Left="0.05in" Right="0.05in" Bottom="0.04in" />
      </Style>
      <Selectors>
        <DescendantSelector>
          <Selectors>
            <TypeSelector Type="GroupHeaderSection" />
            <TypeSelector Type="Panel" />
            <TypeSelector Type="TextBox" />
          </Selectors>
        </DescendantSelector>
      </Selectors>
    </StyleRule>
  </StyleSheet>
  <Groups>
    <Group GroupKeepTogether="All" DocumentMapText="=Fields.ProductCategory" TocText="=Fields.ProductCategory" Name="group1">
      <GroupHeader>
        <GroupHeaderSection PrintOnEveryPage="True" Height="1.5in" Name="groupHeaderSection1">
          <Items>
            <TextBox Width="8.1in" Height="0.4in" Left="0in" Top="0.9in" Value="=Fields.ProductCategory" Name="textBoxProductCategoryLabel" StyleName="Category" />
            <TextBox Width="8.1in" Height="0.6in" Left="0in" Top="0in" Value="Product Catalog" Culture="en" Name="textBox3" StyleName="Header" />
            <Shape Width="8.1in" Height="2pt" Left="0in" Top="0.6in" Stretch="True" Anchoring="Left, Right" Name="shape3">
              <Style Color="Transparent">
                <BorderStyle Top="Solid" Bottom="Solid" />
                <BorderWidth Top="1.5pt" Bottom="0.5pt" />
              </Style>
              <ShapeType>
                <LineShape Direction="EW" />
              </ShapeType>
            </Shape>
          </Items>
        </GroupHeaderSection>
      </GroupHeader>
      <GroupFooter>
        <GroupFooterSection Height="0.22in" Name="groupFooterSection1">
          <Style Visible="False" />
        </GroupFooterSection>
      </GroupFooter>
      <Groupings>
        <Grouping Expression="=Fields.ProductCategory" />
      </Groupings>
      <Sortings>
        <Sorting Expression="=Fields.ProductCategory" Direction="Asc" />
      </Sortings>
    </Group>
    <Group GroupKeepTogether="FirstDetail" DocumentMapText="=Fields.ProductSubCategory" TocText="=Fields.ProductSubCategory" Name="group2">
      <GroupHeader>
        <GroupHeaderSection PrintOnEveryPage="True" KeepTogether="False" Height="0.4in" Name="groupHeaderSection2">
          <Items>
            <TextBox Width="8.1in" Height="0.3in" Left="0in" Top="0in" Value="=Fields.ProductSubCategory" Name="textBox4" StyleName="SubCategory" />
          </Items>
        </GroupHeaderSection>
      </GroupHeader>
      <GroupFooter>
        <GroupFooterSection Height="0.2in" Name="groupFooterSection2">
          <Style Visible="False" />
        </GroupFooterSection>
      </GroupFooter>
      <Groupings>
        <Grouping Expression="=Fields.ProductSubCategory" />
      </Groupings>
      <Sortings>
        <Sorting Expression="=Fields.ProductSubCategory" Direction="Asc" />
      </Sortings>
    </Group>
    <Group GroupKeepTogether="FirstDetail" DocumentMapText="=Fields.ProductModel" Name="group3">
      <GroupHeader>
        <GroupHeaderSection PrintOnEveryPage="True" Height="1.5in" Name="groupHeaderSection3">
          <Items>
            <Panel Width="7.784in" Height="1.457in" Left="0.2in" Top="0in" Name="panel3">
              <Items>
                <PictureBox Value="=Fields.LargePhoto" Width="1.34in" Height="0.9in" Left="0in" Top="0in" Sizing="ScaleProportional" MimeType="" Name="pictureBox1">
                  <Style Color="White" TextAlign="Right" VerticalAlign="Middle" LineWidth="1px">
                    <BorderWidth Default="1px" />
                    <Padding Left="1pt" Right="1pt" Top="1pt" Bottom="1pt" />
                  </Style>
                </PictureBox>
                <TextBox Width="3.3in" Height="0.9in" Left="4.24in" Top="0in" Value="=Fields.Specification" CanShrink="True" Name="textBox1">
                  <Style>
                    <Font Name="Microsoft Sans Serif" />
                    <BorderStyle Bottom="None" Right="None" />
                  </Style>
                  <Bindings>
                    <Binding Path="Style.Font.Name" Expression="= IFs(Parameters.CultureID.Value = 'zh-cht', 'Microsoft JhengHei', Parameters.CultureID.Value = 'th', 'Microsoft Sans Serif', 'Segoe UI Light')" />
                  </Bindings>
                </TextBox>
                <Table Width="7.587in" Height="1.41cm" Left="0cm" Top="2.29cm" Name="table1">
                  <Body>
                    <Cells>
                      <TableCell RowIndex="0" ColumnIndex="0" RowSpan="1" ColumnSpan="1">
                        <ReportItem>
                          <TextBox Width="0.95in" Height="0.72cm" Left="0in" Top="0in" Value="=Fields.ProductNumber" Name="textBox16" />
                        </ReportItem>
                      </TableCell>
                      <TableCell RowIndex="0" ColumnIndex="1" RowSpan="1" ColumnSpan="1">
                        <ReportItem>
                          <TextBox Width="6.637in" Height="0.72cm" Left="0in" Top="0in" Value="=Fields.ProductName" Name="textBox17" />
                        </ReportItem>
                      </TableCell>
                    </Cells>
                    <Columns>
                      <Column Width="0.95in" />
                      <Column Width="6.637in" />
                    </Columns>
                    <Rows>
                      <Row Height="0.72cm" />
                    </Rows>
                  </Body>
                  <Corner />
                  <RowGroups>
                    <TableGroup Name="detailGroup">
                      <Groupings>
                        <Grouping Expression="" />
                      </Groupings>
                    </TableGroup>
                  </RowGroups>
                  <ColumnGroups>
                    <TableGroup Name="tableGroup1">
                      <ReportItem>
                        <TextBox Width="0.95in" Height="0.69cm" Left="0in" Top="0in" Value="Product No." Name="textBox5">
                          <Style Color="177, 161, 82" />
                        </TextBox>
                      </ReportItem>
                    </TableGroup>
                    <TableGroup Name="tableGroup2">
                      <ReportItem>
                        <TextBox Width="6.637in" Height="0.69cm" Left="0in" Top="0in" Value="Product" Name="textBox14">
                          <Style Color="177, 161, 82" />
                        </TextBox>
                      </ReportItem>
                    </TableGroup>
                  </ColumnGroups>
                  <Bindings>
                    <Binding Path="DataSource" Expression="=ReportItem.DataObject" />
                  </Bindings>
                </Table>
                <TextBox Width="2.04in" Height="0.3in" Left="1.46in" Top="0in" Value="=Fields.ProductModel" Name="textBox6" StyleName="SubCategory">
                  <Style>
                    <BorderStyle Bottom="None" Right="None" />
                  </Style>
                </TextBox>
              </Items>
            </Panel>
          </Items>
        </GroupHeaderSection>
      </GroupHeader>
      <GroupFooter>
        <GroupFooterSection Height="0.15in" Name="groupFooterSection3" />
      </GroupFooter>
      <Groupings>
        <Grouping Expression="=Fields.ProductModel" />
      </Groupings>
      <Sortings>
        <Sorting Expression="=Fields.ProductModel" Direction="Asc" />
      </Sortings>
    </Group>
  </Groups>
  <ReportParameters>
    <ReportParameter Name="CategoryID" Type="Integer" Text="CategoryID" Visible="True" AutoRefresh="True">
      <AvailableValues DataSourceName="sqlDataSource2" DisplayMember="= Fields.CategoryName" ValueMember="= Fields.CategoryID" />
      <Value>
        <String>300</String>
      </Value>
    </ReportParameter>
  </ReportParameters>
  <Bindings>
    <Binding Path="CategoryID" Expression="= Parameters.CategoryID.Value" />
  </Bindings>
</Report>